{"options":{"check_for_updates":true,"comment":null,"compat_foreach":false,"compat_metadata":false,"compat_powerful_this":null,"compat_prototypes":false,"compat_wrappedjsobject":false,"compatopts_for_requires":true,"noframes":null,"override":{"merge_connects":true,"merge_excludes":true,"merge_includes":true,"merge_matches":true,"orig_connects":["baidu.com","google.com","google.com.hk","google.com.jp","bing.com","duckduckgo.com","dogedoge.com","so.com"],"orig_excludes":["*://*.google*/sorry*","https://zhidao.baidu.com/*","https://*.zhidao.baidu.com/*","https://www.baidu.com/img/*"],"orig_includes":["*://ipv6.baidu.com/*","*://www.baidu.com/*","*://www1.baidu.com/*","*://m.baidu.com/*","*://xueshu.baidu.com/s*","*://www.so.com/s?*","*://*.bing.com/*","*://encrypted.google.*/search*","*://*.google*/search*","*://*.google*/webhp*","*://*.zhihu.com/*","*://*duckduckgo.com/*","*://*.dogedoge.com/*"],"orig_matches":[],"orig_noframes":null,"orig_run_at":"document-body","use_blockers":[],"use_connects":["www.baidu.com","www.zhihu.com","bangumi.tv","www.bleepingcomputer.com","blog.temuraru.ro","*"],"use_excludes":[],"use_includes":[],"use_matches":[]},"run_at":null,"tab_types":null,"unwrap":null},"settings":{"enabled":true,"position":2},"meta":{"name":"AC-baidu-重定向优化百度搜狗谷歌必应搜索_favicon_双列","uuid":"54527e98-05be-44ef-b99b-9d446bfc5aec","modified":1649486804157,"file_url":"https://greasyfork.org/scripts/14178-ac-baidu-%E7%BB%95%E8%BF%87%E7%99%BE%E5%BA%A6%E9%87%8D%E5%AE%9A%E5%90%91%E7%9B%B4%E6%8E%A5%E8%AE%BF%E9%97%AE%E7%BD%91%E9%A1%B5/code/AC-Baidu%EF%BC%9A%E7%BB%95%E8%BF%87%E7%99%BE%E5%BA%A6%E9%87%8D%E5%AE%9A%E5%90%91%E7%9B%B4%E6%8E%A5%E8%AE%BF%E9%97%AE%E7%BD%91%E9%A1%B5.user.js"}}