{"options":{"check_for_updates":true,"comment":null,"compat_foreach":false,"compat_metadata":false,"compat_powerful_this":null,"compat_prototypes":false,"compat_wrappedjsobject":false,"compatopts_for_requires":true,"noframes":null,"override":{"merge_connects":true,"merge_excludes":true,"merge_includes":true,"merge_matches":true,"orig_excludes":[],"orig_includes":["http*://*.youtube.com/*","http*://youtube.com/*","http*://*.youtu.be/*","http*://youtu.be/*"],"orig_matches":[],"orig_noframes":null,"orig_run_at":"document-end","use_blockers":[],"use_connects":[],"use_excludes":[],"use_includes":[],"use_matches":[]},"run_at":null,"tab_types":null},"settings":{"enabled":true,"position":9},"meta":{"name":"Simple YouTube MP3 Button","uuid":"9bd2ed6f-bb13-4aca-8198-fc4807e8f55d","modified":1600423527869,"file_url":"https://greasyfork.org/scripts/20015-simple-youtube-mp3-button/code/Simple%20YouTube%20MP3%20Button.user.js"}}