{"options":{"check_for_updates":true,"comment":null,"compat_foreach":false,"compat_metadata":false,"compat_powerful_this":null,"compat_prototypes":false,"compat_wrappedjsobject":false,"compatopts_for_requires":true,"noframes":null,"override":{"merge_connects":true,"merge_excludes":true,"merge_includes":true,"merge_matches":true,"orig_excludes":["*pan.baidu.com/*","*renren.com/*","*exhentai.org/*","*music.google.com/*","*play.google.com/music/*","*mail.google.com/*","*docs.google.com/*","*www.google.*","*acid3.acidtests.org/*","*.163.com/*","*.alipay.com/*"],"orig_includes":["*"],"orig_matches":[],"orig_noframes":null,"orig_run_at":"document-end","use_blockers":[],"use_connects":[],"use_excludes":[],"use_includes":[],"use_matches":[]},"run_at":null,"tab_types":null},"settings":{"enabled":false,"position":1},"meta":{"name":"Text To link","uuid":"13a17269-5c46-4623-ae65-66ff94e07521","modified":1532580992542,"file_url":"https://git.oschina.net/coldfire/GM/raw/master/linkMix.user.js"}}