{"options":{"check_for_updates":true,"comment":null,"compat_foreach":false,"compat_metadata":false,"compat_powerful_this":null,"compat_prototypes":false,"compat_wrappedjsobject":false,"compatopts_for_requires":true,"noframes":null,"override":{"merge_connects":true,"merge_excludes":true,"merge_includes":true,"merge_matches":true,"orig_excludes":[],"orig_includes":["*"],"orig_matches":[],"orig_noframes":true,"orig_run_at":"document-end","use_blockers":[],"use_connects":[],"use_excludes":[],"use_includes":[],"use_matches":[]},"run_at":null,"tab_types":null},"settings":{"enabled":false,"position":13},"meta":{"name":"Userscript+ : Show Site All UserJS","uuid":"f7eabc5e-f8fa-462a-9333-9f9a1f4e0250","modified":1611594605229,"file_url":"https://greasyfork.org/scripts/24508-userscript-show-site-all-userjs/code/Userscript+%20:%20Show%20Site%20All%20UserJS.user.js"}}