{"options":{"check_for_updates":true,"comment":null,"compat_foreach":false,"compat_metadata":false,"compat_powerful_this":null,"compat_prototypes":false,"compat_wrappedjsobject":false,"compatopts_for_requires":true,"noframes":null,"override":{"merge_connects":true,"merge_excludes":true,"merge_includes":true,"merge_matches":true,"orig_connects":[],"orig_excludes":[],"orig_includes":["*"],"orig_matches":[],"orig_noframes":null,"orig_run_at":"document-start","use_blockers":[],"use_connects":[],"use_excludes":[],"use_includes":[],"use_matches":[]},"run_at":null,"tab_types":null},"settings":{"enabled":true,"position":16},"meta":{"name":"全局微软雅黑","uuid":"39e67328-31ad-4af9-bdba-48f2b363b82b","modified":1643871540964,"file_url":"https://greasyfork.org/scripts/419363-%E5%85%A8%E5%B1%80%E5%BE%AE%E8%BD%AF%E9%9B%85%E9%BB%91/code/%E5%85%A8%E5%B1%80%E5%BE%AE%E8%BD%AF%E9%9B%85%E9%BB%91.user.js"}}