{"ts":1642819287995,"data":{"CatPW":"o{\"date\":\"2019/8/8\",\"sCode\":\"\",\"unPW\":\"\",\"Src\":\"https://pan.baidu.com/s/1c4dHizm\",\"surl\":\"\",\"Hash\":\"#xrin\",\"webSrc\":\"http%3A%2F%2Fwww.java1234.com%2Fa%2Fjavabook%2Fandriod%2F2018%2F0117%2F10280.html\",\"webTitle\":\"Android%20Gradle%E6%9D%83%E5%A8%81%E6%8C%87%E5%8D%97%20PDF%20%E4%B8%8B%E8%BD%BD_Java%E7%9F%A5%E8%AF%86%E5%88%86%E4%BA%AB%E7%BD%91-%E5%85%8D%E8%B4%B9Java%E8%B5%84%E6%BA%90%E4%B8%8B%E8%BD%BD\"}","CatPW_Manage":"o{\"StorageSave\":true,\"UpdataConfig\":{\"UpdataSave\":true,\"UpdataNotify\":true,\"UpdataPlugin\":true,\"UpdataVersion\":\"3.12.6\"},\"StorageExp\":365}"}}