{"options":{"check_for_updates":true,"comment":null,"compat_foreach":false,"compat_metadata":false,"compat_powerful_this":null,"compat_prototypes":false,"compat_wrappedjsobject":false,"compatopts_for_requires":true,"noframes":null,"override":{"merge_connects":true,"merge_excludes":true,"merge_includes":true,"merge_matches":true,"orig_excludes":[],"orig_includes":[],"orig_matches":["https://time.geekbang.org/column/*"],"orig_noframes":null,"orig_run_at":"document-idle","use_blockers":[],"use_connects":[],"use_excludes":[],"use_includes":[],"use_matches":[]},"run_at":null,"tab_types":null},"settings":{"enabled":true,"position":17},"meta":{"name":"隐藏web端极客时间专栏列表的封面图","uuid":"912315a6-7db9-47fd-a43e-67a027d3c3f4","modified":1612894583952,"file_url":"https://greasyfork.org/scripts/378098-%E9%9A%90%E8%97%8Fweb%E7%AB%AF%E6%9E%81%E5%AE%A2%E6%97%B6%E9%97%B4%E4%B8%93%E6%A0%8F%E5%88%97%E8%A1%A8%E7%9A%84%E5%B0%81%E9%9D%A2%E5%9B%BE/code/%E9%9A%90%E8%97%8Fweb%E7%AB%AF%E6%9E%81%E5%AE%A2%E6%97%B6%E9%97%B4%E4%B8%93%E6%A0%8F%E5%88%97%E8%A1%A8%E7%9A%84%E5%B0%81%E9%9D%A2%E5%9B%BE.user.js"}}